{"cameraMode":{"drawMode":0,"name":"Shaded","section":"Shading Mode"},"sceneLighting":true,"audioPlay":false,"sceneViewState":{"showFog":true,"showMaterialUpdate":false,"showSkybox":true,"showFlares":true,"showImageEffects":true,"showParticleSystems":true},"in2DMode":false,"pivot":{"x":-133.90066528320313,"y":-24.15707778930664,"z":-400.318359375},"rotation":{"x":-0.06735194474458695,"y":0.8554961681365967,"z":-0.11516140401363373,"w":-0.5003297924995422},"size":142.17840576171876,"orthographic":false}