{"cameraMode":{"drawMode":0,"name":"Shaded","section":"Shading Mode"},"sceneLighting":false,"audioPlay":false,"sceneViewState":{"showFog":true,"showMaterialUpdate":false,"showSkybox":false,"showFlares":true,"showImageEffects":true,"showParticleSystems":true},"in2DMode":false,"pivot":{"x":-0.6320343017578125,"y":34.276329040527347,"z":15.625874519348145},"rotation":{"x":-0.17780090868473054,"y":0.8214748501777649,"z":-0.40170225501060488,"w":-0.36360007524490359},"size":186.7626495361328,"orthographic":false}