{"cameraMode":{"drawMode":0,"name":"Shaded","section":"Shading Mode"},"sceneLighting":true,"audioPlay":false,"sceneViewState":{"showFog":true,"showMaterialUpdate":false,"showSkybox":true,"showFlares":true,"showImageEffects":true,"showParticleSystems":true},"in2DMode":false,"pivot":{"x":523.7870483398438,"y":209.91189575195313,"z":-2.332139730453491},"rotation":{"x":-0.137638658285141,"y":-0.05731793865561485,"z":0.007978318259119988,"w":-0.9887943863868713},"size":683.2898559570313,"orthographic":false}