{"cameraMode":{"drawMode":0,"name":"Shaded","section":"Shading Mode"},"sceneLighting":false,"audioPlay":false,"sceneViewState":{"showFog":true,"showMaterialUpdate":false,"showSkybox":false,"showFlares":true,"showImageEffects":true,"showParticleSystems":true},"in2DMode":false,"pivot":{"x":-24.699996948242189,"y":-3.5242557525634767,"z":-333.4190673828125},"rotation":{"x":-0.35173872113227847,"y":0.13330098986625672,"z":-0.05067940428853035,"w":-0.9251747131347656},"size":160.72976684570313,"orthographic":false}