{"cameraMode":{"drawMode":0,"name":"Shaded","section":"Shading Mode"},"sceneLighting":true,"audioPlay":false,"sceneViewState":{"showFog":true,"showMaterialUpdate":false,"showSkybox":true,"showFlares":true,"showImageEffects":true,"showParticleSystems":true},"in2DMode":false,"pivot":{"x":-12.864961624145508,"y":15.040772438049317,"z":-466.5243225097656},"rotation":{"x":-0.017738239839673044,"y":0.9816774725914002,"z":-0.11569119244813919,"w":-0.15047304332256318},"size":1.9147307872772217,"orthographic":false}