{"cameraMode":{"drawMode":0,"name":"Shaded","section":"Shading Mode"},"sceneLighting":true,"audioPlay":false,"sceneViewState":{"showFog":true,"showMaterialUpdate":false,"showSkybox":true,"showFlares":true,"showImageEffects":true,"showParticleSystems":true},"in2DMode":false,"pivot":{"x":6.383902549743652,"y":1.9046459197998047,"z":-4.014306545257568},"rotation":{"x":0.18048863112926484,"y":-0.36719968914985659,"z":-0.07286453992128372,"w":-0.9095587730407715},"size":11.185686111450196,"orthographic":false}