{"cameraMode":{"drawMode":0,"name":"Shaded","section":"Shading Mode"},"sceneLighting":true,"audioPlay":false,"sceneViewState":{"showFog":true,"showMaterialUpdate":false,"showSkybox":true,"showFlares":true,"showImageEffects":true,"showParticleSystems":true},"in2DMode":false,"pivot":{"x":-0.10239289700984955,"y":11.173479080200196,"z":-0.7137398719787598},"rotation":{"x":-0.10779871791601181,"y":0.0065587107092142109,"z":-0.0007105870172381401,"w":-0.9941608905792236},"size":1.954573392868042,"orthographic":false}