{"cameraMode":{"drawMode":0,"name":"Shaded","section":"Shading Mode"},"sceneLighting":true,"audioPlay":false,"sceneViewState":{"showFog":true,"showMaterialUpdate":false,"showSkybox":true,"showFlares":true,"showImageEffects":true,"showParticleSystems":true},"in2DMode":false,"pivot":{"x":-0.9719347953796387,"y":1.8421061038970948,"z":0.009836673736572266},"rotation":{"x":-0.05588914081454277,"y":0.9018136858940125,"z":-0.12277466058731079,"w":-0.4105371832847595},"size":10.449999809265137,"orthographic":false}