{"cameraMode":{"drawMode":0,"name":"Shaded","section":"Shading Mode"},"sceneLighting":true,"audioPlay":false,"sceneViewState":{"showFog":true,"showMaterialUpdate":false,"showSkybox":true,"showFlares":true,"showImageEffects":true,"showParticleSystems":true},"in2DMode":false,"pivot":{"x":-22.314727783203126,"y":60.39959716796875,"z":-165.0440216064453},"rotation":{"x":-0.16668225824832917,"y":-0.09772932529449463,"z":0.016604352742433549,"w":-0.9810188412666321},"size":634.3883666992188,"orthographic":false}