{"cameraMode":{"drawMode":0,"name":"Shaded","section":"Shading Mode"},"sceneLighting":false,"audioPlay":false,"sceneViewState":{"showFog":true,"showMaterialUpdate":false,"showSkybox":false,"showFlares":true,"showImageEffects":true,"showParticleSystems":true},"in2DMode":false,"pivot":{"x":-55.78545379638672,"y":-8.776570320129395,"z":57.131858825683597},"rotation":{"x":-0.5641829967498779,"y":-0.04157370701432228,"z":0.02845928445458412,"w":-0.8241158127784729},"size":10.584300994873047,"orthographic":false}