{"cameraMode":{"drawMode":0,"name":"Shaded","section":"Shading Mode"},"sceneLighting":true,"audioPlay":false,"sceneViewState":{"showFog":true,"showMaterialUpdate":false,"showSkybox":true,"showFlares":true,"showImageEffects":true,"showParticleSystems":true},"in2DMode":false,"pivot":{"x":-12.495868682861329,"y":12.53769588470459,"z":-317.8142395019531},"rotation":{"x":0.005822878796607256,"y":0.9911415576934815,"z":-0.04642867296934128,"w":0.12434166669845581},"size":0.2458837628364563,"orthographic":false}