{"cameraMode":{"drawMode":0,"name":"Shaded","section":"Shading Mode"},"sceneLighting":true,"audioPlay":false,"sceneViewState":{"showFog":true,"showMaterialUpdate":false,"showSkybox":true,"showFlares":true,"showImageEffects":true,"showParticleSystems":true},"in2DMode":false,"pivot":{"x":-6.771675109863281,"y":29.274517059326173,"z":124.63406372070313},"rotation":{"x":0.0029829945415258409,"y":-0.10629846900701523,"z":0.00031889992533251643,"w":0.9943300485610962},"size":2.857883930206299,"orthographic":false}