{"cameraMode":{"drawMode":0,"name":"Shaded","section":"Shading Mode"},"sceneLighting":true,"audioPlay":false,"sceneViewState":{"showFog":true,"showMaterialUpdate":false,"showSkybox":true,"showFlares":true,"showImageEffects":true,"showParticleSystems":true},"in2DMode":false,"pivot":{"x":-57.89406204223633,"y":3.940324306488037,"z":-489.1783447265625},"rotation":{"x":-0.009023203514516354,"y":0.9900712966918945,"z":-0.11818672716617584,"w":-0.07558886706829071},"size":84.00888061523438,"orthographic":false}