{"cameraMode":{"drawMode":0,"name":"Shaded","section":"Shading Mode"},"sceneLighting":true,"audioPlay":false,"sceneViewState":{"showFog":true,"showMaterialUpdate":false,"showSkybox":true,"showFlares":true,"showImageEffects":true,"showParticleSystems":true},"in2DMode":false,"pivot":{"x":0.5518535375595093,"y":4.9167633056640629,"z":25.25152587890625},"rotation":{"x":0.13669097423553468,"y":0.8628325462341309,"z":-0.3595300614833832,"w":0.3280257284641266},"size":25.105653762817384,"orthographic":false}