{"cameraMode":{"drawMode":0,"name":"Shaded","section":"Shading Mode"},"sceneLighting":true,"audioPlay":false,"sceneViewState":{"showFog":true,"showMaterialUpdate":false,"showSkybox":true,"showFlares":true,"showImageEffects":true,"showParticleSystems":true},"in2DMode":false,"pivot":{"x":-22.008909225463868,"y":11.360273361206055,"z":-333.0674133300781},"rotation":{"x":-0.0357816107571125,"y":0.7796162366867065,"z":-0.04472675174474716,"w":-0.6236401796340942},"size":9.961395263671875,"orthographic":false}