{"cameraMode":{"drawMode":0,"name":"Shaded","section":"Shading Mode"},"sceneLighting":true,"audioPlay":false,"sceneViewState":{"showFog":true,"showMaterialUpdate":false,"showSkybox":true,"showFlares":true,"showImageEffects":true,"showParticleSystems":true},"in2DMode":false,"pivot":{"x":-46.26707077026367,"y":-10.06435489654541,"z":-257.20428466796877},"rotation":{"x":-0.1764051616191864,"y":0.8120071887969971,"z":-0.31010860204696658,"w":-0.4619091749191284},"size":52.83321762084961,"orthographic":false}