{"cameraMode":{"drawMode":0,"name":"Shaded","section":"Shading Mode"},"sceneLighting":true,"audioPlay":false,"sceneViewState":{"showFog":true,"showMaterialUpdate":false,"showSkybox":true,"showFlares":true,"showImageEffects":true,"showParticleSystems":true},"in2DMode":false,"pivot":{"x":-9.353273391723633,"y":-87.9258041381836,"z":-141.02662658691407},"rotation":{"x":-0.0105582969263196,"y":0.9546383023262024,"z":-0.29562780261039736,"w":-0.03409414738416672},"size":181.66500854492188,"orthographic":false}