{"cameraMode":{"drawMode":0,"name":"Shaded","section":"Shading Mode"},"sceneLighting":false,"audioPlay":false,"sceneViewState":{"showFog":true,"showMaterialUpdate":false,"showSkybox":false,"showFlares":true,"showImageEffects":true,"showParticleSystems":true},"in2DMode":false,"pivot":{"x":64.47025299072266,"y":29.01660919189453,"z":-53.71893310546875},"rotation":{"x":-0.26708513498306277,"y":0.32883375883102419,"z":-0.09752293676137924,"w":-0.9005714654922485},"size":5.217784404754639,"orthographic":false}