{"cameraMode":{"drawMode":0,"name":"Shaded","section":"Shading Mode"},"sceneLighting":false,"audioPlay":false,"sceneViewState":{"showFog":true,"showMaterialUpdate":false,"showSkybox":false,"showFlares":true,"showImageEffects":true,"showParticleSystems":true},"in2DMode":false,"pivot":{"x":81.55282592773438,"y":1.0486741065979005,"z":-56.86128616333008},"rotation":{"x":-0.14992423355579377,"y":-0.1295182853937149,"z":0.019815150648355485,"w":-0.9799821972846985},"size":5.147497653961182,"orthographic":false}