{"cameraMode":{"drawMode":0,"name":"Shaded","section":"Shading Mode"},"sceneLighting":false,"audioPlay":false,"sceneViewState":{"showFog":true,"showMaterialUpdate":false,"showSkybox":false,"showFlares":true,"showImageEffects":true,"showParticleSystems":true},"in2DMode":false,"pivot":{"x":19.524921417236329,"y":0.9999995231628418,"z":47.244537353515628},"rotation":{"x":-0.26708513498306277,"y":0.32883375883102419,"z":-0.09752293676137924,"w":-0.9005714654922485},"size":1.691713571548462,"orthographic":false}