{"cameraMode":{"drawMode":0,"name":"Shaded","section":"Shading Mode"},"sceneLighting":false,"audioPlay":false,"sceneViewState":{"showFog":true,"showMaterialUpdate":false,"showSkybox":false,"showFlares":true,"showImageEffects":true,"showParticleSystems":true},"in2DMode":false,"pivot":{"x":9.278098106384278,"y":20.20492935180664,"z":5.6574578285217289},"rotation":{"x":-0.14992423355579377,"y":-0.1295182853937149,"z":0.019815150648355485,"w":-0.9799821972846985},"size":3.4049530029296877,"orthographic":false}