{"cameraMode":{"drawMode":0,"name":"Shaded","section":"Shading Mode"},"sceneLighting":false,"audioPlay":false,"sceneViewState":{"showFog":true,"showMaterialUpdate":false,"showSkybox":false,"showFlares":true,"showImageEffects":true,"showParticleSystems":true},"in2DMode":false,"pivot":{"x":427.2794189453125,"y":25.146020889282228,"z":-59.7454833984375},"rotation":{"x":-0.08946246653795243,"y":-0.12604758143424989,"z":0.011413970030844212,"w":-0.9879231452941895},"size":1.6766477823257447,"orthographic":false}