{"cameraMode":{"drawMode":0,"name":"Shaded","section":"Shading Mode"},"sceneLighting":false,"audioPlay":false,"sceneViewState":{"showFog":true,"showMaterialUpdate":false,"showSkybox":false,"showFlares":true,"showImageEffects":true,"showParticleSystems":true},"in2DMode":false,"pivot":{"x":92.49966430664063,"y":0.5,"z":-51.48391342163086},"rotation":{"x":-0.08946246653795243,"y":-0.12604758143424989,"z":0.011413970030844212,"w":-0.9879231452941895},"size":5.218697547912598,"orthographic":false}