{"cameraMode":{"drawMode":0,"name":"Shaded","section":"Shading Mode"},"sceneLighting":false,"audioPlay":false,"sceneViewState":{"showFog":true,"showMaterialUpdate":false,"showSkybox":false,"showFlares":true,"showImageEffects":true,"showParticleSystems":true},"in2DMode":false,"pivot":{"x":432.4562683105469,"y":25.468006134033204,"z":-58.17277908325195},"rotation":{"x":-0.23626694083213807,"y":-0.11714263260364533,"z":0.028705602511763574,"w":-0.9641771912574768},"size":2.049940824508667,"orthographic":false}