{"cameraMode":{"drawMode":0,"name":"Shaded","section":"Shading Mode"},"sceneLighting":false,"audioPlay":false,"sceneViewState":{"showFog":true,"showMaterialUpdate":false,"showSkybox":false,"showFlares":true,"showImageEffects":true,"showParticleSystems":true},"in2DMode":false,"pivot":{"x":417.6644287109375,"y":24.719449996948243,"z":-82.87188720703125},"rotation":{"x":-0.26708513498306277,"y":0.32883375883102419,"z":-0.09752293676137924,"w":-0.9005714654922485},"size":4.952323913574219,"orthographic":false}