{"cameraMode":{"drawMode":0,"name":"Shaded","section":"Shading Mode"},"sceneLighting":false,"audioPlay":false,"sceneViewState":{"showFog":true,"showMaterialUpdate":false,"showSkybox":false,"showFlares":true,"showImageEffects":true,"showParticleSystems":true},"in2DMode":false,"pivot":{"x":5.39080810546875,"y":20.472803115844728,"z":28.7998046875},"rotation":{"x":-0.08946246653795243,"y":-0.12604758143424989,"z":0.011413970030844212,"w":-0.9879231452941895},"size":1.666418194770813,"orthographic":false}