{"cameraMode":{"drawMode":0,"name":"Shaded","section":"Shading Mode"},"sceneLighting":false,"audioPlay":false,"sceneViewState":{"showFog":true,"showMaterialUpdate":false,"showSkybox":false,"showFlares":true,"showImageEffects":true,"showParticleSystems":true},"in2DMode":false,"pivot":{"x":379.14556884765627,"y":25.859638214111329,"z":-104.20294189453125},"rotation":{"x":-0.023555291816592218,"y":-0.5056957602500916,"z":0.013812760822474957,"w":-0.8622879981994629},"size":12.087851524353028,"orthographic":false}