{"cameraMode":{"drawMode":0,"name":"Shaded","section":"Shading Mode"},"sceneLighting":false,"audioPlay":false,"sceneViewState":{"showFog":true,"showMaterialUpdate":false,"showSkybox":false,"showFlares":true,"showImageEffects":true,"showParticleSystems":true},"in2DMode":false,"pivot":{"x":-299.29998779296877,"y":10.0,"z":-222.10000610351563},"rotation":{"x":0.2505805194377899,"y":-0.3458167612552643,"z":0.09638296812772751,"w":0.8990831971168518},"size":112.84974670410156,"orthographic":false}