{"cameraMode":{"drawMode":0,"name":"Shaded","section":"Shading Mode"},"sceneLighting":false,"audioPlay":false,"sceneViewState":{"showFog":true,"showMaterialUpdate":false,"showSkybox":false,"showFlares":true,"showImageEffects":true,"showParticleSystems":true},"in2DMode":false,"pivot":{"x":-6.438684940338135,"y":0.04316061735153198,"z":2.6121113300323488},"rotation":{"x":-0.14992423355579377,"y":-0.1295182853937149,"z":0.019815150648355485,"w":-0.9799821972846985},"size":4.947634696960449,"orthographic":false}