{"cameraMode":{"drawMode":0,"name":"Shaded","section":"Shading Mode"},"sceneLighting":false,"audioPlay":false,"sceneViewState":{"showFog":true,"showMaterialUpdate":false,"showSkybox":false,"showFlares":true,"showImageEffects":true,"showParticleSystems":true},"in2DMode":false,"pivot":{"x":-1.500171184539795,"y":1.0500330924987794,"z":0.0},"rotation":{"x":-0.08946246653795243,"y":-0.12604758143424989,"z":0.011413970030844212,"w":-0.9879231452941895},"size":5.220366477966309,"orthographic":false}