{"cameraMode":{"drawMode":0,"name":"Shaded","section":"Shading Mode"},"sceneLighting":false,"audioPlay":false,"sceneViewState":{"showFog":true,"showMaterialUpdate":false,"showSkybox":false,"showFlares":true,"showImageEffects":true,"showParticleSystems":true},"in2DMode":false,"pivot":{"x":-4.2138848304748539,"y":20.90697479248047,"z":25.54400634765625},"rotation":{"x":-0.26708513498306277,"y":0.32883375883102419,"z":-0.09752293676137924,"w":-0.9005714654922485},"size":4.970806121826172,"orthographic":false}