{"cameraMode":{"drawMode":0,"name":"Shaded","section":"Shading Mode"},"sceneLighting":false,"audioPlay":false,"sceneViewState":{"showFog":true,"showMaterialUpdate":false,"showSkybox":false,"showFlares":true,"showImageEffects":true,"showParticleSystems":true},"in2DMode":false,"pivot":{"x":5.852472305297852,"y":20.457351684570314,"z":-10.605615615844727},"rotation":{"x":-0.26708513498306277,"y":0.32883375883102419,"z":-0.09752293676137924,"w":-0.9005714654922485},"size":1.7500892877578736,"orthographic":false}