{"cameraMode":{"drawMode":0,"name":"Shaded","section":"Shading Mode"},"sceneLighting":false,"audioPlay":false,"sceneViewState":{"showFog":true,"showMaterialUpdate":false,"showSkybox":false,"showFlares":true,"showImageEffects":true,"showParticleSystems":true},"in2DMode":false,"pivot":{"x":416.9361267089844,"y":25.14444923400879,"z":-58.24114990234375},"rotation":{"x":-0.14992423355579377,"y":-0.1295182853937149,"z":0.019815150648355485,"w":-0.9799821972846985},"size":1.6573362350463868,"orthographic":false}