{"cameraMode":{"drawMode":0,"name":"Shaded","section":"Shading Mode"},"sceneLighting":false,"audioPlay":false,"sceneViewState":{"showFog":true,"showMaterialUpdate":false,"showSkybox":false,"showFlares":true,"showImageEffects":true,"showParticleSystems":true},"in2DMode":false,"pivot":{"x":8.988525390625,"y":22.023160934448243,"z":34.3587646484375},"rotation":{"x":-0.08946246653795243,"y":-0.12604758143424989,"z":0.011413970030844212,"w":-0.9879231452941895},"size":1.678059458732605,"orthographic":false}