{"cameraMode":{"drawMode":0,"name":"Shaded","section":"Shading Mode"},"sceneLighting":true,"audioPlay":false,"sceneViewState":{"showFog":true,"showMaterialUpdate":false,"showSkybox":true,"showFlares":true,"showImageEffects":true,"showParticleSystems":true},"in2DMode":false,"pivot":{"x":-65.37184143066406,"y":28.39584732055664,"z":-132.5586700439453},"rotation":{"x":-0.27655813097953799,"y":-0.0008678816957399249,"z":0.000248933385591954,"w":-0.9610006809234619},"size":115.61196899414063,"orthographic":false}